geneID	tf_family	selection_tissue	selection_module	reference_genome	reference_annotation	peak_count_chr1_chr10	bound_gene_count
Sobic.001G039800	ERF	root	red	Sorghum bicolor v3.1.1	Sbicolor_454_v3.1.1.gene.gff3	26027	16578
Sobic.001G055400	WRKY	root	red	Sorghum bicolor v3.1.1	Sbicolor_454_v3.1.1.gene.gff3	7164	2378
Sobic.001G084000	WRKY	root	darkgrey	Sorghum bicolor v3.1.1	Sbicolor_454_v3.1.1.gene.gff3	11003	4547
Sobic.001G219200	MYB	root	red	Sorghum bicolor v3.1.1	Sbicolor_454_v3.1.1.gene.gff3	225	130
Sobic.001G296300	ERF	root	red	Sorghum bicolor v3.1.1	Sbicolor_454_v3.1.1.gene.gff3	35190	19458
Sobic.001G298100	ERF	root	red	Sorghum bicolor v3.1.1	Sbicolor_454_v3.1.1.gene.gff3	104800	19191
Sobic.001G389000	WRKY	root	red	Sorghum bicolor v3.1.1	Sbicolor_454_v3.1.1.gene.gff3	9537	2309
Sobic.001G391500	MYB	root	red	Sorghum bicolor v3.1.1	Sbicolor_454_v3.1.1.gene.gff3	44216	13873
Sobic.001G428700	ERF	root	red	Sorghum bicolor v3.1.1	Sbicolor_454_v3.1.1.gene.gff3	40203	17052
Sobic.001G473900	ERF	root	red	Sorghum bicolor v3.1.1	Sbicolor_454_v3.1.1.gene.gff3	69036	17554
Sobic.001G481300	ERF	root	red	Sorghum bicolor v3.1.1	Sbicolor_454_v3.1.1.gene.gff3	72429	12339
Sobic.001G481400	ERF	root	red	Sorghum bicolor v3.1.1	Sbicolor_454_v3.1.1.gene.gff3	7170	4097
Sobic.001G508400	MYB	root	red	Sorghum bicolor v3.1.1	Sbicolor_454_v3.1.1.gene.gff3	6742	2431
Sobic.002G081300	ERF	root	red	Sorghum bicolor v3.1.1	Sbicolor_454_v3.1.1.gene.gff3	78	50
Sobic.002G128400	WRKY	root	red	Sorghum bicolor v3.1.1	Sbicolor_454_v3.1.1.gene.gff3	207	113
Sobic.002G139400	ERF	root	red	Sorghum bicolor v3.1.1	Sbicolor_454_v3.1.1.gene.gff3	18857	12587
Sobic.002G141300	MYB	root	red	Sorghum bicolor v3.1.1	Sbicolor_454_v3.1.1.gene.gff3	9857	3462
Sobic.002G174200	WRKY	root	red	Sorghum bicolor v3.1.1	Sbicolor_454_v3.1.1.gene.gff3	100634	27010
Sobic.002G174300	WRKY	root	red	Sorghum bicolor v3.1.1	Sbicolor_454_v3.1.1.gene.gff3	10180	2971
Sobic.002G196000	MYB	root	red	Sorghum bicolor v3.1.1	Sbicolor_454_v3.1.1.gene.gff3	321	174
Sobic.002G196100	MYB	root	red	Sorghum bicolor v3.1.1	Sbicolor_454_v3.1.1.gene.gff3	281	147
Sobic.002G202700	WRKY	shoot	turquoise	Sorghum bicolor v3.1.1	Sbicolor_454_v3.1.1.gene.gff3	130222	20887
Sobic.002G202800	WRKY	shoot	turquoise	Sorghum bicolor v3.1.1	Sbicolor_454_v3.1.1.gene.gff3	23376	5938
Sobic.002G209300	MYB	root	red	Sorghum bicolor v3.1.1	Sbicolor_454_v3.1.1.gene.gff3	447	245
Sobic.002G260800	ERF	root	red	Sorghum bicolor v3.1.1	Sbicolor_454_v3.1.1.gene.gff3	16010	11478
Sobic.002G269100	ERF	root	darkgrey	Sorghum bicolor v3.1.1	Sbicolor_454_v3.1.1.gene.gff3	45575	9534
Sobic.002G269300	ERF	root	darkgrey	Sorghum bicolor v3.1.1	Sbicolor_454_v3.1.1.gene.gff3	44805	10149
Sobic.002G269400	ERF	root	red	Sorghum bicolor v3.1.1	Sbicolor_454_v3.1.1.gene.gff3	3858	1097
Sobic.002G269500	ERF	root	red	Sorghum bicolor v3.1.1	Sbicolor_454_v3.1.1.gene.gff3	271	146
Sobic.002G275500	MYB	root	red	Sorghum bicolor v3.1.1	Sbicolor_454_v3.1.1.gene.gff3	186	115
Sobic.002G279100	MYB	root	red	Sorghum bicolor v3.1.1	Sbicolor_454_v3.1.1.gene.gff3	7718	2755
Sobic.002G308400	MYB	root	red	Sorghum bicolor v3.1.1	Sbicolor_454_v3.1.1.gene.gff3	2134	1014
Sobic.002G388700	MYB	root	red	Sorghum bicolor v3.1.1	Sbicolor_454_v3.1.1.gene.gff3	606	330
Sobic.002G420700	NAC	shoot	purple	Sorghum bicolor v3.1.1	Sbicolor_454_v3.1.1.gene.gff3	35684	9897
Sobic.002G423300	MYB	root	red	Sorghum bicolor v3.1.1	Sbicolor_454_v3.1.1.gene.gff3	12348	5157
Sobic.003G000600	WRKY	root	red	Sorghum bicolor v3.1.1	Sbicolor_454_v3.1.1.gene.gff3	340	142
Sobic.003G012800	ERF	root	red	Sorghum bicolor v3.1.1	Sbicolor_454_v3.1.1.gene.gff3	228	164
Sobic.003G034500	MYB	root	red	Sorghum bicolor v3.1.1	Sbicolor_454_v3.1.1.gene.gff3	6409	1835
Sobic.003G037500	WRKY	root	red	Sorghum bicolor v3.1.1	Sbicolor_454_v3.1.1.gene.gff3	919	440
Sobic.003G040800	WRKY	root	red	Sorghum bicolor v3.1.1	Sbicolor_454_v3.1.1.gene.gff3	1762	755
Sobic.003G053200	MYB	root	red	Sorghum bicolor v3.1.1	Sbicolor_454_v3.1.1.gene.gff3	491	218
Sobic.003G053300	MYB	root	red	Sorghum bicolor v3.1.1	Sbicolor_454_v3.1.1.gene.gff3	5597	2139
Sobic.003G085600	ERF	root	red	Sorghum bicolor v3.1.1	Sbicolor_454_v3.1.1.gene.gff3	218	155
Sobic.003G128900	MYB	root	red	Sorghum bicolor v3.1.1	Sbicolor_454_v3.1.1.gene.gff3	23471	7533
Sobic.003G129000	MYB	root	red	Sorghum bicolor v3.1.1	Sbicolor_454_v3.1.1.gene.gff3	219	122
Sobic.003G138400	WRKY	root	red	Sorghum bicolor v3.1.1	Sbicolor_454_v3.1.1.gene.gff3	789	437
Sobic.003G142300	MYB	root	darkgrey	Sorghum bicolor v3.1.1	Sbicolor_454_v3.1.1.gene.gff3	318	173
Sobic.003G183800	MYB	root	red	Sorghum bicolor v3.1.1	Sbicolor_454_v3.1.1.gene.gff3	3346	1471
Sobic.003G226600	WRKY	root	red	Sorghum bicolor v3.1.1	Sbicolor_454_v3.1.1.gene.gff3	646	393
Sobic.003G242800	WRKY	shoot	purple	Sorghum bicolor v3.1.1	Sbicolor_454_v3.1.1.gene.gff3	19200	4964
Sobic.003G248400	WRKY	root	red	Sorghum bicolor v3.1.1	Sbicolor_454_v3.1.1.gene.gff3	54059	15110
Sobic.003G260300	MYB	root	red	Sorghum bicolor v3.1.1	Sbicolor_454_v3.1.1.gene.gff3	438	262
Sobic.003G270300	MYB	root	red	Sorghum bicolor v3.1.1	Sbicolor_454_v3.1.1.gene.gff3	5842	1943
Sobic.003G285500	WRKY	root	red	Sorghum bicolor v3.1.1	Sbicolor_454_v3.1.1.gene.gff3	65031	14474
Sobic.003G287200	WRKY	root	red	Sorghum bicolor v3.1.1	Sbicolor_454_v3.1.1.gene.gff3	41811	10789
Sobic.003G296300	WRKY	root	red	Sorghum bicolor v3.1.1	Sbicolor_454_v3.1.1.gene.gff3	93422	18293
Sobic.003G297600	ERF	root	red	Sorghum bicolor v3.1.1	Sbicolor_454_v3.1.1.gene.gff3	34261	16344
Sobic.003G324400	ERF	root	red	Sorghum bicolor v3.1.1	Sbicolor_454_v3.1.1.gene.gff3	48019	22258
Sobic.003G337900	WRKY	shoot	turquoise	Sorghum bicolor v3.1.1	Sbicolor_454_v3.1.1.gene.gff3	14711	3281
Sobic.003G341100	WRKY	root/shoot	darkgrey/purple	Sorghum bicolor v3.1.1	Sbicolor_454_v3.1.1.gene.gff3	12283	4816
Sobic.003G359800	MYB	root	red	Sorghum bicolor v3.1.1	Sbicolor_454_v3.1.1.gene.gff3	16961	4567
Sobic.003G373000	MYB	root	red	Sorghum bicolor v3.1.1	Sbicolor_454_v3.1.1.gene.gff3	20166	6215
Sobic.003G381400	ERF	root	red	Sorghum bicolor v3.1.1	Sbicolor_454_v3.1.1.gene.gff3	22257	5005
Sobic.003G444000	WRKY	root	red	Sorghum bicolor v3.1.1	Sbicolor_454_v3.1.1.gene.gff3	2905	451
Sobic.004G065900	WRKY	root	red	Sorghum bicolor v3.1.1	Sbicolor_454_v3.1.1.gene.gff3	711	333
Sobic.004G070900	MYB	root	red	Sorghum bicolor v3.1.1	Sbicolor_454_v3.1.1.gene.gff3	12953	4170
Sobic.004G117600	WRKY	root	red	Sorghum bicolor v3.1.1	Sbicolor_454_v3.1.1.gene.gff3	204	89
Sobic.004G138400	WRKY	root	red	Sorghum bicolor v3.1.1	Sbicolor_454_v3.1.1.gene.gff3	39579	9511
Sobic.004G158901	ERF	root	red	Sorghum bicolor v3.1.1	Sbicolor_454_v3.1.1.gene.gff3	13733	4812
Sobic.004G216900	MYB	root	darkgrey	Sorghum bicolor v3.1.1	Sbicolor_454_v3.1.1.gene.gff3	40829	11452
Sobic.004G219800	MYB	root	red	Sorghum bicolor v3.1.1	Sbicolor_454_v3.1.1.gene.gff3	393	199
Sobic.004G248700	MYB	root	red	Sorghum bicolor v3.1.1	Sbicolor_454_v3.1.1.gene.gff3	1353	570
Sobic.004G249500	CO-like	shoot	brown	Sorghum bicolor v3.1.1	Sbicolor_454_v3.1.1.gene.gff3	625	316
Sobic.004G256200	CO-like	shoot	brown	Sorghum bicolor v3.1.1	Sbicolor_454_v3.1.1.gene.gff3	4413	1938
Sobic.004G273800	MYB	root	red	Sorghum bicolor v3.1.1	Sbicolor_454_v3.1.1.gene.gff3	18972	6552
Sobic.004G283201	ERF	root	darkgrey	Sorghum bicolor v3.1.1	Sbicolor_454_v3.1.1.gene.gff3	6683	3448
Sobic.004G283300	ERF	root	darkgrey	Sorghum bicolor v3.1.1	Sbicolor_454_v3.1.1.gene.gff3	82841	18314
Sobic.004G295500	ERF	root	red	Sorghum bicolor v3.1.1	Sbicolor_454_v3.1.1.gene.gff3	58629	13287
Sobic.004G295600	ERF	root	red	Sorghum bicolor v3.1.1	Sbicolor_454_v3.1.1.gene.gff3	22672	6551
Sobic.004G295700	ERF	root	red	Sorghum bicolor v3.1.1	Sbicolor_454_v3.1.1.gene.gff3	52180	10640
Sobic.004G297100	ERF	root	red	Sorghum bicolor v3.1.1	Sbicolor_454_v3.1.1.gene.gff3	27092	15942
Sobic.004G303600	MYB	root	red	Sorghum bicolor v3.1.1	Sbicolor_454_v3.1.1.gene.gff3	66534	2194
Sobic.004G310600	ERF	root	red	Sorghum bicolor v3.1.1	Sbicolor_454_v3.1.1.gene.gff3	33226	13508
Sobic.004G312200	WRKY	root	red	Sorghum bicolor v3.1.1	Sbicolor_454_v3.1.1.gene.gff3	73	47
Sobic.004G331300	ERF	root	red	Sorghum bicolor v3.1.1	Sbicolor_454_v3.1.1.gene.gff3	50385	23966
Sobic.005G013500	WRKY	root	darkgrey	Sorghum bicolor v3.1.1	Sbicolor_454_v3.1.1.gene.gff3	5797	1562
Sobic.005G062000	MYB	root	red	Sorghum bicolor v3.1.1	Sbicolor_454_v3.1.1.gene.gff3	401	214
Sobic.005G117400	WRKY	root	darkgrey	Sorghum bicolor v3.1.1	Sbicolor_454_v3.1.1.gene.gff3	69189	15618
Sobic.006G058732	ERF	root	red	Sorghum bicolor v3.1.1	Sbicolor_454_v3.1.1.gene.gff3	14869	9418
Sobic.006G115700	WRKY	root	red	Sorghum bicolor v3.1.1	Sbicolor_454_v3.1.1.gene.gff3	3660	1002
Sobic.006G142000	MYB	root	darkgrey	Sorghum bicolor v3.1.1	Sbicolor_454_v3.1.1.gene.gff3	10956	3706
Sobic.006G148000	MYB	root	red	Sorghum bicolor v3.1.1	Sbicolor_454_v3.1.1.gene.gff3	11736	2931
Sobic.006G156100	ERF	root	red	Sorghum bicolor v3.1.1	Sbicolor_454_v3.1.1.gene.gff3	51051	19373
Sobic.006G159100	MYB	root	red	Sorghum bicolor v3.1.1	Sbicolor_454_v3.1.1.gene.gff3	21543	5478
Sobic.006G167800	ERF	root	red	Sorghum bicolor v3.1.1	Sbicolor_454_v3.1.1.gene.gff3	32391	17162
Sobic.006G169900	ERF	root	red	Sorghum bicolor v3.1.1	Sbicolor_454_v3.1.1.gene.gff3	32949	8854
Sobic.006G170100	ERF	root	red	Sorghum bicolor v3.1.1	Sbicolor_454_v3.1.1.gene.gff3	125725	20364
Sobic.006G184700	ERF	root	darkgrey	Sorghum bicolor v3.1.1	Sbicolor_454_v3.1.1.gene.gff3	90429	21118
Sobic.006G184800	ERF	root	darkgrey	Sorghum bicolor v3.1.1	Sbicolor_454_v3.1.1.gene.gff3	20138	5222
Sobic.006G199800	MYB	root	red	Sorghum bicolor v3.1.1	Sbicolor_454_v3.1.1.gene.gff3	220	134
Sobic.006G206000	WRKY	root	red	Sorghum bicolor v3.1.1	Sbicolor_454_v3.1.1.gene.gff3	38790	9430
Sobic.006G210300	ERF	root	red	Sorghum bicolor v3.1.1	Sbicolor_454_v3.1.1.gene.gff3	41342	18048
Sobic.006G240500	ERF	root	red	Sorghum bicolor v3.1.1	Sbicolor_454_v3.1.1.gene.gff3	57336	10084
Sobic.006G259000	ERF	root	red	Sorghum bicolor v3.1.1	Sbicolor_454_v3.1.1.gene.gff3	32509	16725
Sobic.007G077001	ERF	root	red	Sorghum bicolor v3.1.1	Sbicolor_454_v3.1.1.gene.gff3	62018	22610
Sobic.007G077100	ERF	root	red	Sorghum bicolor v3.1.1	Sbicolor_454_v3.1.1.gene.gff3	78959	21690
Sobic.007G077200	ERF	root	red	Sorghum bicolor v3.1.1	Sbicolor_454_v3.1.1.gene.gff3	66175	24919
Sobic.007G085300	WRKY	root	red	Sorghum bicolor v3.1.1	Sbicolor_454_v3.1.1.gene.gff3	5187	1810
Sobic.007G118301	WRKY	root	red	Sorghum bicolor v3.1.1	Sbicolor_454_v3.1.1.gene.gff3	15868	4059
Sobic.007G124100	ERF	root	red	Sorghum bicolor v3.1.1	Sbicolor_454_v3.1.1.gene.gff3	55595	11840
Sobic.007G156700	ERF	root	darkgrey	Sorghum bicolor v3.1.1	Sbicolor_454_v3.1.1.gene.gff3	8632	3241
Sobic.007G177100	MYB	root	red	Sorghum bicolor v3.1.1	Sbicolor_454_v3.1.1.gene.gff3	5439	2122
Sobic.007G224800	MYB	root	red	Sorghum bicolor v3.1.1	Sbicolor_454_v3.1.1.gene.gff3	231	131
Sobic.008G029000	WRKY	shoot	turquoise	Sorghum bicolor v3.1.1	Sbicolor_454_v3.1.1.gene.gff3	2093	317
Sobic.008G029200	WRKY	shoot	turquoise	Sorghum bicolor v3.1.1	Sbicolor_454_v3.1.1.gene.gff3	38275	8093
Sobic.008G055700	MYB	root	red	Sorghum bicolor v3.1.1	Sbicolor_454_v3.1.1.gene.gff3	195	116
Sobic.008G055800	MYB	root	red	Sorghum bicolor v3.1.1	Sbicolor_454_v3.1.1.gene.gff3	3761	1816
Sobic.009G016633	MYB	root	red	Sorghum bicolor v3.1.1	Sbicolor_454_v3.1.1.gene.gff3	69608	18982
Sobic.009G068900	WRKY	root/shoot	red/purple	Sorghum bicolor v3.1.1	Sbicolor_454_v3.1.1.gene.gff3	58516	12958
Sobic.009G071500	NAC	shoot	purple	Sorghum bicolor v3.1.1	Sbicolor_454_v3.1.1.gene.gff3	140530	23181
Sobic.009G100500	WRKY	root	red	Sorghum bicolor v3.1.1	Sbicolor_454_v3.1.1.gene.gff3	10146	4155
Sobic.009G148100	MYB	root	red	Sorghum bicolor v3.1.1	Sbicolor_454_v3.1.1.gene.gff3	1132	547
Sobic.009G157500	MYB	root	red	Sorghum bicolor v3.1.1	Sbicolor_454_v3.1.1.gene.gff3	4321	1622
Sobic.009G171600	WRKY	root	red	Sorghum bicolor v3.1.1	Sbicolor_454_v3.1.1.gene.gff3	30635	8669
Sobic.009G184400	ERF	root	red	Sorghum bicolor v3.1.1	Sbicolor_454_v3.1.1.gene.gff3	31899	18490
Sobic.009G206800	WRKY	root	red	Sorghum bicolor v3.1.1	Sbicolor_454_v3.1.1.gene.gff3	37079	10047
Sobic.009G212800	WRKY	root/shoot	red/purple	Sorghum bicolor v3.1.1	Sbicolor_454_v3.1.1.gene.gff3	39168	10762
Sobic.009G216900	MYB	root	red	Sorghum bicolor v3.1.1	Sbicolor_454_v3.1.1.gene.gff3	7475	2413
Sobic.009G224500	MYB	root	red	Sorghum bicolor v3.1.1	Sbicolor_454_v3.1.1.gene.gff3	381	213
Sobic.009G234100	WRKY	root	red	Sorghum bicolor v3.1.1	Sbicolor_454_v3.1.1.gene.gff3	13596	5361
Sobic.010G016500	ERF	root	darkgrey	Sorghum bicolor v3.1.1	Sbicolor_454_v3.1.1.gene.gff3	52647	11951
Sobic.010G052600	ERF	root	red	Sorghum bicolor v3.1.1	Sbicolor_454_v3.1.1.gene.gff3	93045	16954
Sobic.010G063900	ERF	root	red	Sorghum bicolor v3.1.1	Sbicolor_454_v3.1.1.gene.gff3	99714	23050
Sobic.010G080400	ERF	root	red	Sorghum bicolor v3.1.1	Sbicolor_454_v3.1.1.gene.gff3	38870	15098
Sobic.010G089700	ERF	root	red	Sorghum bicolor v3.1.1	Sbicolor_454_v3.1.1.gene.gff3	88599	25537
Sobic.010G108500	CO-like	shoot	brown	Sorghum bicolor v3.1.1	Sbicolor_454_v3.1.1.gene.gff3	133	70
Sobic.010G123500	CO-like	shoot	brown	Sorghum bicolor v3.1.1	Sbicolor_454_v3.1.1.gene.gff3	771	325
Sobic.010G148800	WRKY	root	red	Sorghum bicolor v3.1.1	Sbicolor_454_v3.1.1.gene.gff3	45961	12649
Sobic.010G201388	MYB	root	red	Sorghum bicolor v3.1.1	Sbicolor_454_v3.1.1.gene.gff3	2493	817
Sobic.010G209100	WRKY	root	darkgrey	Sorghum bicolor v3.1.1	Sbicolor_454_v3.1.1.gene.gff3	6829	1839
Sobic.010G209200	WRKY	root	darkgrey	Sorghum bicolor v3.1.1	Sbicolor_454_v3.1.1.gene.gff3	12719	3338
Sobic.010G273700	NAC	shoot	purple	Sorghum bicolor v3.1.1	Sbicolor_454_v3.1.1.gene.gff3	77277	20486